ROC_AUC,Accuracy,Precision,Recall
0.851858561,0.796309439,0.617486339,0.605898123
